name,label
10140015_18172_30800.png,0
10140015_18172_48664.png,0
10140015_18172_55440.png,0
10140015_18172_67760.png,0
10140015_18788_72072.png,0
10140015_19712_32648.png,0
10140015_20020_6468.png,0
10140015_20020_38500.png,1
10140015_20020_38808.png,1
10140015_20020_54824.png,0
10140015_20636_43120.png,0
10140015_21868_48972.png,0
10140015_23408_13244.png,0
10140015_23716_51436.png,1
10140015_24332_67760.png,0
10140015_24948_40964.png,0
10140015_26796_71764.png,0
10140015_27104_33880.png,0
10140015_27412_85008.png,0
10140015_28028_2156.png,0
10140015_29260_11088.png,0
10140015_29876_12628.png,0
10140015_30492_5852.png,0
10140015_30492_9548.png,0
10140015_30800_86548.png,0
10140015_31108_5544.png,0
10140015_31108_7700.png,0
10140015_31724_4004.png,0
10140015_31724_40656.png,0
10140015_32648_6468.png,0
10140015_32648_47740.png,0
10140015_33880_25256.png,0
10140015_33880_40656.png,0
10140015_33880_64372.png,0
10140015_34188_7084.png,0
10140015_34188_20020.png,0
10140015_34188_48048.png,0
10140015_35728_1540.png,0
10140015_35728_35728.png,0
10140015_36036_616.png,0
10140015_36036_66836.png,0
10140015_36344_21560.png,0
10140015_36344_70532.png,0
10140015_36652_33880.png,0
10140015_37268_87164.png,0
10140015_37576_29876.png,0
10140015_37884_47432.png,0
10140015_38500_50512.png,0
10140015_39116_73304.png,0
10140015_39424_71456.png,0
10140015_39732_10780.png,0
10140015_40348_72996.png,0
10140015_41580_42504.png,0
10140015_42196_47432.png,0
10140015_42504_43428.png,0
10140015_42504_60060.png,0
10140015_43736_31416.png,0
10140015_43736_40348.png,1
10140015_44968_7700.png,0
10140015_45276_23408.png,0
10140015_45276_39732.png,0
10140015_2772_43120.png,1
10140015_3696_55748.png,1
10140015_3696_61292.png,1
10140015_4312_29876.png,1
10140015_6468_38808.png,1
10140015_7084_41580.png,1
10140015_7392_48972.png,1
10140015_7392_63448.png,1
10140015_7700_42196.png,1
10140015_7700_50820.png,1
10140015_7700_71456.png,1
10140015_8008_62832.png,1
10140015_8316_46816.png,1
10140015_8932_27412.png,1
10140015_9240_69916.png,1
10140015_9856_44352.png,1
10140015_10472_15708.png,1
10140015_10780_27104.png,1
10140015_11396_47124.png,1
10140015_12012_43736.png,1
10140015_12012_60984.png,1
10140015_12012_75152.png,1
10140015_12320_17248.png,1
10140015_1232_42812.png,1
10140015_1232_45276.png,1
10140015_12628_50512.png,1
10140015_12936_59136.png,1
10140015_13244_10472.png,1
10140015_14168_57288.png,1
10140015_14784_56056.png,1
10140015_14784_58828.png,1
10140015_15400_31108.png,1
10140015_15400_60368.png,1
10140015_15708_52976.png,1
10140015_16632_33264.png,1
10140015_17864_53592.png,1
10140015_18172_46200.png,1
10140015_18172_57596.png,1
10140015_18480_58520.png,1
10140015_1848_29876.png,1
10140015_19096_18788.png,1
10140015_19404_47124.png,1
10140015_20020_47124.png,1
10140015_20636_18172.png,1
10140015_2156_52052.png,1
10140015_22176_16632.png,1
10140015_22176_27720.png,1
10140015_22176_81004.png,1
10140015_22176_83468.png,1
10140015_23716_4620.png,1
10140015_24332_45584.png,1
10140015_24332_78848.png,1
10140015_24640_18788.png,1
10140015_24640_65912.png,1
10140015_25256_54516.png,1
10140015_25564_15400.png,1
10140015_26180_70532.png,1
10140015_37884_1540.png,1
10140015_37884_34188.png,1
10140015_38192_9856.png,1
10140015_38500_88396.png,1
10140015_38808_3388.png,1
10140015_38808_63140.png,1
10140015_39116_31108.png,1
10140015_40040_27412.png,1
10140015_40040_40348.png,1
10140015_40040_42812.png,1
10140015_40656_22792.png,1
10140015_40964_55132.png,1
10140015_41272_52976.png,1
10140015_41272_7392.png,1
10140015_41580_65296.png,1
10140015_41580_73612.png,1
10140015_41888_34496.png,1
10140015_43120_58212.png,1
10140015_43428_9856.png,1
10140015_43736_16632.png,1
10140015_44044_15708.png,1
10140015_44044_5236.png,1
10140015_44352_14784.png,1
10140015_44968_42504.png,1
10140015_44968_4928.png,1
10140015_35420_61292.png,0
10140015_35420_616.png,0
10140015_35420_6160.png,0
10140015_35420_6468.png,0
10140015_35420_65296.png,0
10140015_35420_65604.png,0
10140015_35420_65912.png,0
10140015_35420_66528.png,0
10140015_35420_66836.png,0
10140015_35420_67144.png,0
10140015_35420_67452.png,0
10140015_35420_67760.png,0
10140015_35420_68376.png,0
10140015_35420_68684.png,0
10140015_35420_70224.png,0
10140015_35420_71148.png,0
10140015_35420_75768.png,0
10140015_35420_77308.png,0
10140015_35420_77616.png,0
10140015_35420_8008.png,0
10140015_35420_80388.png,0
10140015_35420_80696.png,0
10140015_35420_82852.png,0
10140015_35420_8624.png,0
10140015_35420_86240.png,0
10140015_35420_86856.png,0
10140015_35420_87164.png,0
10140015_35420_87472.png,0
10140015_35420_8932.png,0
10140015_35420_924.png,0
10140015_35728_10164.png,0
10140015_35728_11088.png,0
10140015_35728_11396.png,0
10140015_35728_11704.png,0
10140015_35728_1232.png,0
10140015_35728_15708.png,0
10140015_35728_16016.png,0
10140015_35728_17248.png,0
10140015_35728_18788.png,0
10140015_35728_19712.png,0
10140015_35728_21560.png,0
10140015_35728_21868.png,0
10140015_35728_22176.png,0
10140015_35728_24332.png,0
10140015_35728_24640.png,0
10140015_35728_24948.png,0
10140015_35728_25256.png,0
10140015_35728_25872.png,0
10140015_35728_26180.png,0
10140015_35728_28644.png,0
10140015_35728_30184.png,0
10140015_35728_3080.png,0
10140015_35728_3388.png,0
10140015_35728_34496.png,0
10140015_35728_35420.png,0
10140015_35728_36036.png,0
10140015_35728_36344.png,0
10140015_35728_37884.png,0
10140015_35728_38192.png,0
10140015_35728_39116.png,0
10140015_35728_39424.png,0
10140015_35728_41888.png,0
10140015_35728_47432.png,0
10140015_35728_47740.png,0
10140015_35728_50204.png,0
10140015_35728_52052.png,0
10140015_35728_52360.png,0
10140015_35728_52976.png,0
10140015_35728_53284.png,0
10140015_35728_53900.png,0
10140015_35728_56980.png,0
10140015_35728_57904.png,0
10140015_35728_61600.png,0
10140015_35728_61908.png,0
10140015_35728_6468.png,0
10140015_35728_64988.png,0
10140015_35728_65296.png,0
10140015_35728_66220.png,0
10140015_35728_66528.png,0
10140015_35728_66836.png,0
10140015_35728_67144.png,0
10140015_35728_67452.png,0
10140015_35728_6776.png,0
10140015_35728_67760.png,0
10140015_35728_68376.png,0
10140015_35728_68992.png,0
10140015_35728_69300.png,0
10140015_35728_70224.png,0
10140015_35728_71764.png,0
10140015_35728_74228.png,0
10140015_35728_74844.png,0
10140015_35728_75768.png,0
10140015_35728_76076.png,0
10140015_35728_77616.png,0
10140015_35728_80080.png,0
10140015_35728_80388.png,0
10140015_35728_82544.png,0
10140015_35728_82852.png,0
10140015_35728_8316.png,0
10140015_35728_8624.png,0
10140015_35728_86856.png,0
10140015_35728_87472.png,0
10140015_35728_87780.png,0
10140015_35728_8932.png,0
10140015_35728_924.png,0
10140015_35728_9856.png,0
10140015_36036_10472.png,0
10140015_36036_10780.png,0
10140015_36036_11088.png,0
10140015_36036_14168.png,0
10140015_36036_15400.png,0
10140015_36036_15708.png,0
10140015_36036_16016.png,0
10140015_36036_16940.png,0
10140015_36036_18788.png,0
10140015_36036_19096.png,0
10140015_36036_20328.png,0
10140015_36036_20944.png,0
10140015_36036_21252.png,0
10140015_36036_21868.png,0
10140015_36036_22176.png,0
10140015_36036_22792.png,0
10140015_36036_23100.png,0
10140015_36036_23716.png,0
10140015_36036_24024.png,0
10140015_36036_24332.png,0
10140015_36036_24640.png,0
10140015_36036_25564.png,0
10140015_36036_25872.png,0
10140015_36036_27104.png,0
10140015_36036_28644.png,0
10140015_36036_30184.png,0
10140015_36036_3080.png,0
10140015_36036_35420.png,0
10140015_36036_35728.png,0
10140015_36036_36036.png,0
10140015_36036_36344.png,0
10140015_36036_37884.png,0
10140015_36036_38192.png,0
10140015_36036_39116.png,0
10140015_36036_39424.png,0
10140015_36036_41272.png,0
10140015_36036_50204.png,0
10140015_36036_51744.png,0
10140015_36036_52052.png,0
10140015_36036_52360.png,0
10140015_36036_52668.png,0
10140015_36036_53284.png,0
10140015_36036_53592.png,0
10140015_36036_53900.png,0
10140015_36036_57596.png,0
10140015_36036_57904.png,0
10140015_36036_58212.png,0
10140015_36036_62216.png,0
10140015_36036_62524.png,0
10140015_36036_66220.png,0
10140015_36036_66528.png,0
10140015_36036_67144.png,0
10140015_36036_67452.png,0
10140015_36036_68992.png,0
10140015_36036_71148.png,0
10140015_36036_71764.png,0
10140015_36036_72072.png,0
10140015_36036_72380.png,0
10140015_36036_72996.png,0
10140015_36036_73304.png,0
10140015_36036_74228.png,0
10140015_36036_74536.png,0
10140015_36036_75460.png,0
10140015_36036_75768.png,0
10140015_36036_76076.png,0
10140015_36036_79772.png,0
10140015_36036_83468.png,0
10140015_36036_83776.png,0
10140015_36036_86548.png,0
10140015_36036_87164.png,0
10140015_36036_8932.png,0
10140015_36344_10164.png,0
10140015_36344_10472.png,0
10140015_36344_11088.png,0
10140015_36344_1232.png,0
10140015_36344_14168.png,0
10140015_36344_1540.png,0
10140015_36344_16016.png,0
10140015_36344_17248.png,0
10140015_36344_18172.png,0
10140015_36344_19096.png,0
10140015_36344_20020.png,0
10140015_36344_20944.png,0
10140015_36344_21252.png,0
10140015_36344_22792.png,0
10140015_36344_23100.png,0
10140015_36344_23716.png,0
10140015_36344_24024.png,0
10140015_36344_24332.png,0
10140015_36344_24640.png,0
10140015_36344_25564.png,0
10140015_36344_25872.png,0
10140015_36344_28644.png,0
10140015_36344_28952.png,0
10140015_36344_31724.png,0
10140015_36344_32648.png,0
10140015_36344_35728.png,0
10140015_36344_36036.png,0
10140015_36344_36344.png,0
10140015_36344_37268.png,0
10140015_36344_37884.png,0
10140015_36344_38192.png,0
10140015_36344_39732.png,0
10140015_36344_45276.png,0
10140015_36344_49896.png,0
10140015_36344_52052.png,0
10140015_36344_5236.png,0
10140015_36344_52360.png,0
10140015_36344_52668.png,0
10140015_36344_53592.png,0
10140015_36344_53900.png,0
10140015_36344_54516.png,0
10140015_36344_55748.png,0
10140015_36344_56056.png,0
10140015_36344_57596.png,0
10140015_36344_57904.png,0
10140015_36344_63448.png,0
10140015_36344_64064.png,0
10140015_36344_65912.png,0
10140015_36344_68376.png,0
10140015_36344_68684.png,0
10140015_36344_70224.png,0
10140015_36344_72072.png,0
10140015_36344_72380.png,0
10140015_36344_73304.png,0
10140015_36344_73612.png,0
10140015_36344_74536.png,0
10140015_36344_74844.png,0
10140015_36344_75152.png,0
10140015_36344_75460.png,0
10140015_36344_75768.png,0
10140015_36344_78540.png,0
10140015_36344_80696.png,0
10140015_36344_83160.png,0
10140015_36344_86548.png,0
10140015_36344_86856.png,0
10140015_36652_12012.png,0
10140015_36652_1232.png,0
10140015_36652_12320.png,0
10140015_36652_12628.png,0
10140015_36652_13552.png,0
10140015_36652_16324.png,0
10140015_36652_18172.png,0
10140015_36652_1848.png,0
10140015_36652_18788.png,0
10140015_36652_19096.png,0
10140015_36652_20328.png,0
10140015_36652_20944.png,0
10140015_36652_21252.png,0
10140015_36652_22176.png,0
10140015_36652_23716.png,0
10140015_36652_24024.png,0
10140015_36652_25564.png,0
10140015_36652_2772.png,0
10140015_36652_29260.png,0
10140015_36652_29568.png,0
10140015_36652_30184.png,0
10140015_36652_30492.png,0
10140015_36652_31724.png,0
10140015_36652_33572.png,0
10140015_36652_34188.png,0
10140015_36652_34804.png,0
10140015_36652_36652.png,0
10140015_36652_38192.png,0
10140015_36652_39732.png,0
10140015_36652_40040.png,0
10140015_36652_44660.png,0
10140015_36652_44968.png,0
10140015_36652_45276.png,0
10140015_36652_50512.png,0
10140015_36652_5236.png,0
10140015_36652_52668.png,0
10140015_36652_52976.png,0
10140015_36652_5544.png,0
10140015_36652_55748.png,0
10140015_36652_57596.png,0
10140015_36652_616.png,0
10140015_36652_64372.png,0
10140015_36652_65912.png,0
10140015_36652_66220.png,0
10140015_36652_66528.png,0
10140015_36652_66836.png,0
10140015_36652_67452.png,0
10140015_36652_6776.png,0
10140015_36652_68684.png,0
10140015_36652_68992.png,0
10140015_36652_70224.png,0
10140015_36652_70532.png,0
10140015_36652_71456.png,0
10140015_36652_72072.png,0
10140015_36652_72380.png,0
10140015_36652_7392.png,0
10140015_36652_73920.png,0
10140015_36652_74228.png,0
10140015_36652_75152.png,0
10140015_36652_76692.png,0
10140015_36652_7700.png,0
10140015_36652_77000.png,0
10140015_36652_77308.png,0
10140015_36652_77616.png,0
10140015_36652_80388.png,0
10140015_36652_82544.png,0
10140015_36652_85932.png,0
10140015_36652_86240.png,0
10140015_36652_87164.png,0
10140015_36652_88088.png,0
10140015_36652_924.png,0
10140015_36960_12012.png,0
10140015_36960_1232.png,0
10140015_36960_13552.png,0
10140015_36960_13860.png,0
10140015_36960_14168.png,0
10140015_36960_14476.png,0
10140015_36960_15092.png,0
10140015_36960_1540.png,0
10140015_36960_1848.png,0
10140015_36960_20636.png,0
10140015_36960_20944.png,0
10140015_1848_25256.png,0
10140015_2156_42812.png,0
10140015_2772_58828.png,0
10140015_4004_58212.png,0
10140015_4004_68376.png,0
10140015_5852_58520.png,0
10140015_6160_22176.png,0
10140015_8008_43120.png,0
10140015_8316_54824.png,0
10140015_8624_14168.png,0
10140015_8624_65296.png,0
10140015_8624_19712.png,0
10140015_8932_39116.png,0
10140015_9240_74536.png,0
10140015_9548_29260.png,0
10140015_9856_16940.png,0
10140015_22484_20944.png,0
10140015_22792_21252.png,0
10140015_23716_40656.png,0
10140015_24640_3388.png,0
10140015_924_56672.png,0
10140015_1540_40656.png,0
10140015_3696_57288.png,0
10140015_4004_63448.png,0
10140015_5852_43428.png,0
10140015_6160_45892.png,0
10140015_7392_31416.png,0
10140015_8008_66220.png,0
